[
  {
    "id": "ff4de551-786c-4faf-9348-05b487bcc823",
    "data": [
      {
        "text": "Dua Lipa",
        "meta": "@sys.any",
        "alias": "any",
        "userDefined": true
      }
    ],
    "isTemplate": false,
    "count": 0,
    "lang": "en",
    "updated": 0
  },
  {
    "id": "0744603c-732b-4253-ae65-0c074b10927c",
    "data": [
      {
        "text": "Kanye West",
        "meta": "@sys.any",
        "alias": "any",
        "userDefined": true
      }
    ],
    "isTemplate": false,
    "count": 0,
    "lang": "en",
    "updated": 0
  },
  {
    "id": "f67be3c5-e49e-41f4-8f01-0b77c1deba88",
    "data": [
      {
        "text": "Lil Baby",
        "meta": "@sys.any",
        "alias": "any",
        "userDefined": true
      }
    ],
    "isTemplate": false,
    "count": 0,
    "lang": "en",
    "updated": 0
  }
]